# AOS-SFR-2026-001 v1.1: every amendment release on a P2 notice in the pull of 16 September 2026, 1,046 releases on 868 notices. Each amendment value is as published and is never added to the value at award or to another amendment; the record does not say whether it is a new total, a change or a correction. Generated by recompute/publish_tsvs.py from recompute/figures.py's award-mode listing; not a source.
notice	value_at_award_aud	amendment_published_utc	amendment_value_aud
CN4188629	387658.40	2025-12-03T23:36:25Z	382354.40
CN4188651	371329.73	2026-08-12T01:01:56Z	862160.30
CN4188694	435160.00	2026-07-08T02:54:05Z	397320.00
CN4188694	435160.00	2026-07-08T02:54:05Z	438438.88
CN4188720	384560.00	2026-07-08T02:54:12Z	351120.00
CN4188720	384560.00	2026-07-08T02:54:12Z	735680.00
CN4188727	363374.00	2026-07-08T02:53:59Z	768851.82
CN4188728	374000.00	2026-07-08T02:53:59Z	774400.00
CN4188746	353586.64	2026-07-08T02:54:01Z	745514.00
CN4188747	374000.00	2026-07-08T02:54:03Z	774400.00
CN4188775	1688943.30	2026-01-21T03:20:49Z	2196043.30
CN4188775	1688943.30	2026-01-21T03:20:49Z	2636703.30
CN4188787	300960.00	2026-09-07T06:25:49Z	663428.30
CN4188887	355740.00	2026-03-23T04:24:14Z	711480.00
CN4188950	1475250.00	2025-11-11T23:59:29Z	988421.25
CN4188950	1475250.00	2025-11-11T23:59:29Z	1475250.00
CN4189018	533412.00	2026-04-13T05:14:27Z	533412.00
CN4189018	533412.00	2026-04-13T05:14:27Z	533412.00
CN4189018	533412.00	2026-04-13T05:14:27Z	566852.00
CN4189048	404624.00	2026-05-29T01:01:13Z	937024.00
CN4189104	7000000.00	2025-09-22T01:56:10Z	7174510.65
CN4189104	7000000.00	2025-09-22T01:56:10Z	7500000.00
CN4189104	7000000.00	2025-09-22T01:56:10Z	7689617.67
CN4189104	7000000.00	2025-09-22T01:56:10Z	8085838.65
CN4189249	2992000.00	2026-07-08T03:03:53Z	3043535.00
CN4189281	296868.00	2026-05-01T03:54:21Z	318304.00
CN4189281	296868.00	2026-05-01T03:54:21Z	364477.60
CN4189298	267585.21	2026-07-09T00:15:34Z	619671.01
CN4189395	39547.01	2026-08-12T07:20:12Z	81061.02
CN4189412	460000.00	2025-11-26T04:23:33Z	640998.40
CN4189412	460000.00	2025-11-26T04:23:33Z	687159.37
CN4189426	1072340.50	2026-07-14T05:16:21Z	1648086.00
CN4189480	884906.00	2026-08-06T04:41:52Z	1321067.00
CN4189526	67862.52	2026-05-27T22:21:13Z	0.10
CN4189561	25326.92	2026-02-05T03:46:41Z	76689.49
CN4189600	73559.00	2026-09-11T06:28:43Z	150070.00
CN4189632	14220.72	2026-03-26T05:32:18Z	129848.43
CN4189671	439926.70	2026-07-07T04:06:25Z	838266.70
CN4189720	16785672.00	2025-11-05T03:42:24Z	16500000.00
CN4189729	416045.71	2026-06-18T03:31:51Z	932964.62
CN4189734	222852.63	2026-08-19T02:33:55Z	8885.05
CN4189880	385945.56	2026-09-15T05:28:33Z	649523.16
CN4189958	220549.12	2026-03-31T01:38:22Z	452035.12
CN4190226	348480.00	2026-09-15T00:04:18Z	696960.00
CN4190227	337920.00	2026-09-15T00:04:16Z	675840.00
CN4190249	78586.20	2025-10-29T04:21:52Z	87318.00
CN4190320	11573407.55	2026-06-18T03:31:45Z	11671180.56
CN4190324	12481.80	2026-05-27T04:46:13Z	60084.89
CN4190324	12481.80	2026-05-27T04:46:13Z	80095.49
CN4190360	900000.00	2026-09-01T07:06:02Z	1750000.00
CN4190419	2641100.00	2026-08-17T07:21:18Z	3195500.00
CN4190440	764500.00	2025-12-12T05:37:46Z	1764500.00
CN4190495	999660.38	2026-09-11T05:26:44Z	1029859.78
CN4190495	999660.38	2026-09-11T05:26:44Z	1519359.78
CN4190495	999660.38	2026-09-11T05:26:44Z	1624854.18
CN4190555	462843.05	2025-10-09T03:58:30Z	509127.35
CN4190564	141771.45	2025-12-14T23:59:00Z	585108.94
CN4190727	372900.00	2026-04-08T03:43:46Z	489404.85
CN4190727	372900.00	2026-04-08T03:43:46Z	594404.85
CN4190761	380795.71	2026-05-18T05:42:14Z	901500.43
CN4190779	211000.00	2026-06-26T07:50:20Z	311000.00
CN4190872	321811.19	2026-05-01T02:28:41Z	0.10
CN4190893	500000.00	2026-08-12T05:40:24Z	1000000.00
CN4190894	100000.00	2026-05-20T05:17:09Z	136620.00
CN4190894	100000.00	2026-05-20T05:17:09Z	439120.00
CN4190894	100000.00	2026-05-20T05:17:09Z	504680.00
CN4190895	100000.00	2026-06-30T05:22:15Z	338134.50
CN4190895	100000.00	2026-06-30T05:22:15Z	955374.75
CN4190895	100000.00	2026-06-30T05:22:15Z	1253442.63
CN4190895	100000.00	2026-06-30T05:22:15Z	1283596.38
CN4190895	100000.00	2026-06-30T05:22:15Z	1650507.91
CN4190935	490860.48	2026-04-24T03:02:10Z	596033.45
CN4190987	66962.00	2026-07-15T03:26:47Z	79512.56
CN4191024	48362.97	2026-08-19T02:24:40Z	68375.27
CN4191035	116197.49	2026-08-14T03:38:28Z	186991.65
CN4191086	308531.52	2026-07-07T04:06:48Z	692784.48
CN4191087	279154.56	2026-07-07T04:06:55Z	623314.48
CN4191089	346368.00	2026-07-07T04:07:05Z	791956.00
CN4191091	357192.00	2026-07-07T04:07:16Z	802780.00
CN4191092	76357.05	2026-07-07T04:07:22Z	102934.37
CN4191093	311937.12	2026-07-07T04:07:28Z	704528.80
CN4191097	299819.52	2026-07-07T04:07:43Z	674291.28
CN4191098	296920.80	2026-07-07T04:07:49Z	667322.00
CN4191128	68970.00	2025-12-24T02:05:01Z	150033.82
CN4191158	100000.00	2026-05-28T05:17:14Z	236575.61
CN4191339	10332.30	2026-08-05T04:25:56Z	21181.21
CN4191364	391160.00	2026-09-07T06:26:32Z	668626.20
CN4191396	348480.00	2026-09-07T06:25:50Z	696960.00
CN4191445	25452.52	2026-05-29T02:33:17Z	30706.28
CN4191445	25452.52	2026-05-29T02:33:17Z	44174.35
CN4191480	772634.16	2026-08-11T07:58:24Z	849907.48
CN4191489	12988.31	2026-05-26T03:26:55Z	0.10
CN4191696	356500.00	2026-08-26T01:22:38Z	713000.00
CN4191760	450448.00	2026-08-07T04:38:29Z	898896.00
CN4191779	134219.10	2026-03-13T01:29:17Z	268435.20
CN4191815	220309.38	2026-08-26T07:43:24Z	431806.98
CN4191815	220309.38	2026-08-26T07:43:24Z	789591.04
CN4191821	334804.80	2026-01-20T22:53:13Z	0.10
CN4191888	210936.00	2026-09-07T06:26:04Z	390456.00
CN4191888	210936.00	2026-09-07T06:26:04Z	749496.00
CN4191894	259908.00	2026-03-17T04:44:04Z	601128.00
CN4191895	253440.00	2026-05-29T06:07:24Z	633600.00
CN4191913	456089.83	2026-05-28T06:42:05Z	479739.83
CN4191913	456089.83	2026-05-28T06:42:05Z	535391.71
CN4191942	71111.04	2026-03-19T03:37:53Z	88888.80
CN4191947	186331.20	2026-01-20T06:39:32Z	280954.95
CN4191974	98866.02	2026-09-03T23:39:25Z	102212.22
CN4191974	98866.02	2026-09-03T23:39:25Z	217773.26
CN4192004	102564.00	2026-04-20T22:21:47Z	176401.50
CN4192004	102564.00	2026-04-20T22:21:47Z	220357.50
CN4192004	102564.00	2026-04-20T22:21:47Z	277134.00
CN4192004	102564.00	2026-04-20T22:21:47Z	350394.00
CN4192167	320100.24	2025-10-30T05:00:07Z	101386.69
CN4192234	91641.00	2026-06-22T02:46:28Z	92796.00
CN4192423	278806.00	2026-08-26T07:43:34Z	557612.00
CN4192572	32990.40	2025-10-08T23:12:39Z	108078.62
CN4192572	32990.40	2025-10-08T23:12:39Z	159010.28
CN4192582	896280.00	2026-09-08T05:54:01Z	1060675.00
CN4192677	26760.51	2025-11-24T23:11:27Z	8752.71
CN4192748	231801.02	2026-07-08T02:53:57Z	537202.38
CN4192778	491040.00	2026-07-07T04:08:17Z	1273536.00
CN4192849	17069.00	2026-09-10T04:11:17Z	37768.20
CN4192980	504999.98	2025-12-05T02:06:50Z	417532.99
CN4193087	1200000.00	2026-09-14T03:35:41Z	2200000.00
CN4193208	2510448.16	2026-09-08T08:49:29Z	3114401.92
CN4193209	216520.24	2025-11-28T05:45:53Z	248789.22
CN4193218	2752376.00	2026-02-26T07:34:43Z	3095445.20
CN4193218	2752376.00	2026-02-26T07:34:43Z	5506773.00
CN4193428	153988.00	2025-12-14T23:14:52Z	0.02
CN4193499	92400.00	2026-07-24T04:11:34Z	246400.00
CN4193548	297105.46	2026-08-31T09:03:44Z	549860.58
CN4193629	11088.86	2026-08-18T05:16:43Z	22177.72
CN4193697	85206.00	2026-02-04T04:24:46Z	129756.00
CN4193744	38000.00	2026-06-24T05:36:15Z	76000.00
CN4193932	19500.00	2026-09-03T23:21:39Z	39000.00
CN4193962	416168.64	2026-06-03T05:41:27Z	842371.56
CN4193968	409978.80	2026-08-24T07:07:20Z	872893.30
CN4194043	4082034.00	2025-12-22T02:56:15Z	4403454.00
CN4194056	14520.00	2025-10-13T03:15:58Z	3024807.72
CN4194066	369708.00	2026-09-11T00:05:51Z	733916.00
CN4194145	26961620.44	2026-05-05T03:44:18Z	27434879.62
CN4194152	2886681.60	2026-09-08T01:39:42Z	5829120.00
CN4194154	420240.35	2025-12-14T23:11:39Z	0.02
CN4194171	24319.33	2025-11-26T00:28:11Z	46782.32
CN4194171	24319.33	2025-11-26T00:28:11Z	59429.96
CN4194171	24319.33	2025-11-26T00:28:11Z	98249.69
CN4194171	24319.33	2025-11-26T00:28:11Z	165163.86
CN4194211	52219.20	2026-05-27T22:22:30Z	0.10
CN4194500	202810.40	2026-04-06T23:10:13Z	218411.20
CN4194580	287584.00	2026-06-23T06:46:26Z	675827.20
CN4194708	18400.80	2026-06-12T04:51:05Z	20188.80
CN4194708	18400.80	2026-06-12T04:51:05Z	20188.80
CN4194708	18400.80	2026-06-12T04:51:05Z	26188.80
CN4194710	259080.00	2026-08-13T22:27:41Z	518160.00
CN4194729	50200.00	2026-07-07T04:08:42Z	56000.00
CN4194762	51133.50	2026-02-17T04:24:20Z	0.10
CN4194807	11550.00	2026-04-02T04:47:03Z	88180.00
CN4194850	15840.00	2026-06-24T05:26:29Z	32472.00
CN4194900	296010.00	2025-11-26T03:55:42Z	475442.00
CN4195052	26987483.00	2026-05-20T03:39:52Z	34189623.00
CN4195130	379880.07	2026-08-26T20:41:18Z	759760.14
CN4195269	45000.00	2026-06-24T02:40:05Z	66424.60
CN4195273	229202.75	2026-07-03T06:16:23Z	543537.95
CN4195287	201511.20	2026-08-25T02:29:21Z	414242.40
CN4195288	310569.60	2026-08-25T02:29:19Z	633570.96
CN4195289	259080.00	2026-08-25T02:29:17Z	518160.00
CN4195296	369635.52	2026-06-03T05:41:29Z	748177.92
CN4195332	644252.40	2026-01-21T02:11:59Z	731536.76
CN4195343	37205.62	2026-06-04T01:14:14Z	57486.21
CN4195346	1522500.00	2026-07-30T22:43:34Z	1699007.00
CN4195346	1522500.00	2026-07-30T22:43:34Z	2799007.20
CN4195441	345646.40	2026-07-07T04:08:52Z	382770.41
CN4195441	345646.40	2026-07-07T04:08:52Z	398103.09
CN4195495	77596.70	2026-09-04T06:08:18Z	155193.41
CN4195845	31202.60	2026-06-11T06:18:30Z	41603.32
CN4195910	23474.00	2026-08-17T05:31:56Z	33052.58
CN4196160	229333.91	2026-04-30T04:01:03Z	576097.84
CN4196225	272588.80	2026-07-14T23:29:48Z	659788.80
CN4196235	406560.00	2026-04-30T04:03:46Z	814746.24
CN4196269	155928.30	2026-02-20T03:05:05Z	123181.25
CN4196342	389349.02	2026-05-05T03:52:53Z	244867.11
CN4196366	64856.00	2026-09-15T03:26:22Z	89388.00
CN4196662	1210555.00	2026-03-13T01:29:17Z	1410770.42
CN4196662	1210555.00	2026-03-13T01:29:17Z	2028953.66
CN4196672	514800.00	2026-04-10T05:46:36Z	594277.38
CN4196672	514800.00	2026-04-10T05:46:36Z	1231932.78
CN4196672	514800.00	2026-04-10T05:46:36Z	1253574.18
CN4196673	583440.00	2026-05-13T06:15:54Z	1166880.00
CN4196674	554840.00	2026-04-10T05:46:35Z	1015602.50
CN4196789	270204.00	2026-07-08T02:53:56Z	630476.00
CN4196797	261580.00	2026-07-08T02:53:55Z	593516.00
CN4196801	10857.00	2026-04-02T03:35:52Z	14093.20
CN4196819	108556.80	2026-08-27T01:10:50Z	179801.16
CN4196899	30624.00	2026-05-13T04:11:15Z	66976.80
CN4196967	381538.08	2026-09-15T04:46:18Z	459275.66
CN4196991	21500.00	2026-06-30T05:26:01Z	55045.00
CN4197021	99316.80	2026-01-16T06:45:35Z	115033.60
CN4197021	99316.80	2026-01-16T06:45:35Z	146467.20
CN4197021	99316.80	2026-01-16T06:45:35Z	193617.60
CN4197118	11343283.98	2025-12-03T00:35:21Z	12582590.19
CN4197191	20570.00	2026-08-31T04:58:10Z	28985.00
CN4197191	20570.00	2026-08-31T04:58:10Z	35530.00
CN4197191	20570.00	2026-08-31T04:58:10Z	123420.00
CN4197191	20570.00	2026-08-31T04:58:10Z	128535.00
CN4197191	20570.00	2026-08-31T04:58:10Z	135080.00
CN4197191	20570.00	2026-08-31T04:58:10Z	141626.00
CN4197191	20570.00	2026-08-31T04:58:10Z	145366.00
CN4197191	20570.00	2026-08-31T04:58:10Z	182656.00
CN4197191	20570.00	2026-08-31T04:58:10Z	222951.00
CN4197191	20570.00	2026-08-31T04:58:10Z	238846.00
CN4197798	62510.00	2026-06-04T00:39:53Z	131309.50
CN4197800	40621.62	2026-05-13T04:02:19Z	72642.62
CN4197867	2530000.00	2026-06-23T00:13:09Z	2612776.10
CN4197929	370000.00	2026-06-29T03:25:33Z	755000.00
CN4197963	322778.81	2026-01-20T22:21:43Z	686659.32
CN4198027	275960.06	2026-06-10T23:23:19Z	704469.45
CN4198080	15954.05	2026-06-29T00:11:06Z	32418.60
CN4198181	152900.00	2026-07-20T04:50:28Z	276892.00
CN4198508	38362.83	2026-01-19T04:47:49Z	60362.83
CN4198549	295180.91	2026-05-12T23:48:18Z	529777.03
CN4198550	1726874.00	2026-07-28T04:26:41Z	2300461.00
CN4198550	1726874.00	2026-07-28T04:26:41Z	2783083.25
CN4198551	296864.08	2026-06-30T05:39:08Z	309761.58
CN4198617	772478.63	2026-02-26T07:34:44Z	1232456.83
CN4198655	477577.10	2026-09-07T06:43:36Z	1180710.30
CN4198661	1367080.00	2026-06-17T09:32:31Z	2745600.00
CN4198661	1367080.00	2026-06-17T09:32:31Z	2954600.00
CN4198698	1111759.00	2026-06-05T09:43:02Z	2608859.00
CN4198720	129000.00	2026-01-14T06:17:27Z	141900.00
CN4198768	317900.00	2026-03-25T02:29:35Z	175780.00
CN4198770	598740.00	2026-07-31T02:32:11Z	382136.08
CN4198770	598740.00	2026-07-31T02:32:11Z	1156976.08
CN4198771	574090.00	2026-07-31T02:31:58Z	1315604.51
CN4198772	667964.00	2026-07-31T02:31:45Z	642822.16
CN4198772	667964.00	2026-07-31T02:31:45Z	1507246.16
CN4198773	579222.00	2026-07-31T02:31:35Z	1201556.97
CN4198773	579222.00	2026-07-31T02:31:35Z	1297856.40
CN4198861	235400.00	2026-03-13T02:58:33Z	352000.00
CN4198861	235400.00	2026-03-13T02:58:33Z	1057100.00
CN4198861	235400.00	2026-03-13T02:58:33Z	1337100.00
CN4198923	626742.60	2026-01-09T01:58:49Z	746223.80
CN4199000	56899.50	2026-03-25T23:19:29Z	125899.50
CN4199023	17922.30	2026-02-25T05:01:18Z	29105.79
CN4199023	17922.30	2026-02-25T05:01:18Z	34009.10
CN4199155	334362.60	2026-09-07T00:48:49Z	350312.60
CN4199156	400657.00	2025-11-04T01:41:19Z	400657.60
CN4199160	12297619.40	2026-05-25T00:00:54Z	6298698.80
CN4199160	12297619.40	2026-05-25T00:00:54Z	6495692.30
CN4199406	2011462.86	2026-02-13T02:34:09Z	1005731.43
CN4199476	26400.00	2026-08-05T01:17:36Z	54120.00
CN4199649	258033.60	2026-07-07T04:09:15Z	651455.20
CN4199688	701692.03	2026-03-24T04:29:10Z	893706.11
CN4199688	701692.03	2026-03-24T04:29:10Z	1063922.81
CN4199743	825022.00	2026-08-03T04:53:13Z	866338.00
CN4199885	140732.79	2026-06-22T06:25:47Z	165236.57
CN4199887	281637.72	2026-08-10T00:42:27Z	536837.72
CN4199946	226754.00	2026-06-16T03:20:55Z	728503.60
CN4200105	200000.00	2025-11-13T01:45:21Z	1.00
CN4200106	156750.00	2025-11-13T01:44:28Z	1.00
CN4200128	121978.30	2026-04-07T05:17:14Z	111813.44
CN4200199	757394.00	2026-05-27T22:17:14Z	0.10
CN4200247	361308.00	2026-05-04T23:12:07Z	408855.50
CN4200248	21863.85	2026-09-04T05:36:53Z	47223.26
CN4200269	85784.79	2026-07-29T05:59:21Z	100889.60
CN4200291	1695535.08	2026-03-17T23:57:24Z	1712302.01
CN4200332	695015.07	2026-05-29T02:31:52Z	791348.68
CN4200337	1228885.46	2026-06-18T04:14:11Z	1171564.35
CN4200337	1228885.46	2026-06-18T04:14:11Z	1278748.35
CN4200355	424550.50	2026-03-17T23:57:34Z	413550.50
CN4200357	13200.00	2026-05-12T01:23:53Z	65045.20
CN4200457	218515.24	2026-06-16T03:20:45Z	174972.18
CN4200551	8229485.00	2026-03-05T22:59:40Z	13198689.15
CN4200555	251020.00	2026-07-08T02:53:54Z	620667.52
CN4200559	1078812.35	2026-03-27T00:04:30Z	1969900.35
CN4200570	233948.00	2026-07-08T02:53:53Z	570574.40
CN4200620	24383.00	2026-08-31T04:58:03Z	26821.30
CN4200620	24383.00	2026-08-31T04:58:03Z	49023.32
CN4200770	297000.00	2026-08-03T06:20:56Z	638000.00
CN4200865	1297725.00	2026-06-25T07:14:15Z	1309550.00
CN4200865	1297725.00	2026-06-25T07:14:15Z	1473219.00
CN4200893	820316.45	2025-11-12T02:32:32Z	902348.10
CN4200945	64934.75	2026-09-04T06:08:22Z	129869.38
CN4201025	118737.33	2026-06-12T01:15:21Z	200894.77
CN4201195	211759.20	2026-05-15T02:12:40Z	423518.40
CN4201343	759981.98	2026-04-15T08:18:31Z	781518.54
CN4201375	545215.00	2026-07-01T00:35:04Z	978340.00
CN4201459	99053.44	2026-05-25T03:30:04Z	0.10
CN4201507	184477.30	2026-04-20T05:10:22Z	367464.77
CN4201509	156750.00	2026-02-05T04:19:04Z	2074050.00
CN4201509	156750.00	2026-02-05T04:19:04Z	2672450.00
CN4201509	156750.00	2026-02-05T04:19:04Z	3002450.00
CN4201622	329644.80	2026-06-11T06:00:15Z	549408.00
CN4201637	6123403.00	2026-05-29T00:26:11Z	6219961.00
CN4201637	6123403.00	2026-05-29T00:26:11Z	6227518.00
CN4201658	55216167.60	2026-09-11T00:38:43Z	56620427.93
CN4201658	55216167.60	2026-09-11T00:38:43Z	56752931.05
CN4201674	211200.00	2026-07-08T02:53:51Z	538864.70
CN4201784	110000.00	2026-06-16T03:33:40Z	51149.48
CN4201816	1259986.05	2026-03-13T04:55:33Z	1311133.59
CN4201983	80335.20	2026-07-07T04:09:28Z	617124.20
CN4201984	202640.00	2026-07-31T04:47:30Z	538540.24
CN4201984	202640.00	2026-07-31T04:47:30Z	568828.24
CN4201986	260516.61	2026-07-07T04:09:44Z	201808.64
CN4201987	262169.60	2026-07-07T04:09:50Z	662112.00
CN4202035	184375.00	2025-11-19T22:21:33Z	382320.00
CN4202035	184375.00	2025-11-19T22:21:33Z	529001.37
CN4202044	110000.00	2026-09-13T23:46:03Z	220000.00
CN4202092	219604.00	2026-06-15T23:22:57Z	546964.00
CN4202251	149700.00	2026-04-24T00:14:56Z	909566.46
CN4202444	100000.00	2026-09-08T05:35:12Z	233684.00
CN4202502	4175168.80	2026-06-04T06:37:54Z	3877231.49
CN4202519	11465866.21	2026-09-11T06:31:40Z	30018396.28
CN4202572	405191.80	2025-12-19T03:37:05Z	426091.80
CN4202627	140660.08	2026-03-24T02:36:52Z	175481.33
CN4202630	405707.95	2025-12-18T02:19:27Z	389336.22
CN4202661	85800.00	2026-07-06T06:05:02Z	158004.00
CN4202734	822098.72	2026-06-10T01:06:24Z	954630.18
CN4202844	262972.26	2026-01-08T21:01:10Z	289269.48
CN4202844	262972.26	2026-01-08T21:01:10Z	289269.84
CN4202957	62721.75	2026-05-25T01:45:40Z	0.10
CN4202985	33020.58	2025-12-14T23:59:18Z	18549.44
CN4203125	149791.80	2026-07-22T01:56:05Z	161387.63
CN4203191	226800.00	2026-06-22T01:58:20Z	423265.50
CN4203208	167462.40	2026-03-16T00:28:32Z	432610.40
CN4203222	165000.00	2026-05-13T06:07:37Z	185000.00
CN4203343	955658.00	2026-07-07T04:10:03Z	1244408.00
CN4203345	189028.00	2026-07-07T04:10:14Z	522972.00
CN4203499	100000.00	2026-09-11T05:26:50Z	125840.00
CN4203499	100000.00	2026-09-11T05:26:50Z	590266.60
CN4203499	100000.00	2026-09-11T05:26:50Z	731165.60
CN4203499	100000.00	2026-09-11T05:26:50Z	1121819.60
CN4203499	100000.00	2026-09-11T05:26:50Z	1494553.60
CN4203499	100000.00	2026-09-11T05:26:50Z	1679023.60
CN4203499	100000.00	2026-09-11T05:26:50Z	1698394.60
CN4203499	100000.00	2026-09-11T05:26:50Z	2069644.60
CN4203499	100000.00	2026-09-11T05:26:50Z	2433235.85
CN4203691	477500.90	2026-09-07T00:48:50Z	685169.90
CN4203767	100000.00	2026-09-09T05:42:37Z	178144.56
CN4203767	100000.00	2026-09-09T05:42:37Z	196784.87
CN4203767	100000.00	2026-09-09T05:42:37Z	238034.87
CN4203768	45760.00	2026-09-04T05:36:19Z	158400.00
CN4203781	46041.00	2026-05-07T06:01:13Z	92082.00
CN4203781	46041.00	2026-05-07T06:01:13Z	138123.00
CN4203806	1375000.00	2026-07-06T03:47:45Z	5252500.00
CN4203809	16955.00	2026-01-22T04:22:55Z	16955.00
CN4203902	163764.92	2026-02-23T23:35:01Z	0.10
CN4203905	48436.22	2025-12-09T00:49:22Z	0.10
CN4203992	90090.00	2026-03-05T22:36:23Z	116490.00
CN4203994	49500.00	2026-03-04T02:40:02Z	61500.00
CN4203998	90200.00	2026-03-04T02:41:31Z	328000.00
CN4204017	265000.00	2026-05-29T07:03:32Z	465000.00
CN4204051	332311.10	2026-05-20T05:29:29Z	407947.10
CN4204131	12487.65	2026-06-19T05:22:27Z	0.10
CN4204183	29590.00	2026-07-15T04:25:08Z	32250.00
CN4204273	50500.00	2026-05-25T03:59:17Z	54396.43
CN4204276	171600.00	2026-04-08T10:36:55Z	247603.13
CN4204343	1476931.60	2026-05-29T06:20:24Z	1687251.60
CN4204434	247434.00	2026-07-08T02:53:50Z	577346.00
CN4204448	278784.00	2026-03-11T00:20:45Z	290840.00
CN4204458	219648.00	2026-08-05T01:17:29Z	489984.00
CN4204458	219648.00	2026-08-05T01:17:29Z	739200.00
CN4204509	178904.00	2026-07-20T02:36:02Z	342904.00
CN4204636	224400.00	2026-09-11T01:17:54Z	450912.00
CN4204636	224400.00	2026-09-11T01:17:54Z	909698.00
CN4204636	224400.00	2026-09-11T01:17:54Z	1246188.00
CN4204657	402292.57	2026-02-09T03:05:12Z	201146.29
CN4204665	24131.85	2026-05-21T05:55:42Z	0.10
CN4204752	75900.00	2026-08-04T01:20:22Z	331815.00
CN4204752	75900.00	2026-08-04T01:20:22Z	1022431.30
CN4204752	75900.00	2026-08-04T01:20:22Z	1583431.30
CN4204752	75900.00	2026-08-04T01:20:22Z	2023487.40
CN4204815	94561.50	2026-07-17T05:57:22Z	157788.41
CN4204815	94561.50	2026-07-17T05:57:22Z	293257.81
CN4204846	538347.93	2026-02-24T00:14:35Z	0.10
CN4204847	19731375.22	2026-02-19T04:23:59Z	0.10
CN4204864	871722.61	2026-07-24T03:18:12Z	1254257.53
CN4204876	361561.97	2025-12-03T01:35:41Z	279419.47
CN4204911	35404.20	2026-03-13T04:05:06Z	34710.00
CN4205283	386100.00	2026-07-20T02:36:26Z	495880.00
CN4205325	708939.00	2026-07-20T02:35:52Z	665933.40
CN4205360	182512.00	2026-05-29T04:14:07Z	365024.00
CN4205371	84615061.45	2026-03-30T05:01:07Z	85605061.45
CN4205381	650185.10	2026-06-16T06:47:09Z	1119403.27
CN4205670	199485.00	2026-04-17T01:58:42Z	611325.00
CN4205687	78913.00	2026-08-03T23:33:45Z	89260.20
CN4205706	11759.55	2026-07-03T05:53:39Z	0.10
CN4205735	679747.59	2026-08-24T01:21:37Z	712522.87
CN4205735	679747.59	2026-08-24T01:21:37Z	807170.35
CN4205877	155645.46	2026-03-27T00:04:15Z	215494.76
CN4205884	232201.20	2026-07-08T02:53:52Z	588243.04
CN4206004	475584.76	2026-08-26T01:55:32Z	565483.36
CN4206004	475584.76	2026-08-26T01:55:32Z	620052.16
CN4206006	401665.00	2026-06-04T03:17:37Z	511995.00
CN4206111	66000.00	2026-04-20T05:10:23Z	154000.00
CN4206157	1679100.00	2026-05-21T08:37:26Z	1847010.00
CN4206157	1679100.00	2026-05-21T08:37:26Z	4326151.01
CN4206163	132518.14	2025-12-17T00:34:31Z	140454.73
CN4206326	272310.50	2026-08-10T06:54:16Z	674250.50
CN4206326	272310.50	2026-08-10T06:54:16Z	921750.50
CN4206340	770151.10	2026-04-22T02:46:55Z	977026.44
CN4206354	148156.80	2026-06-25T23:50:44Z	439612.80
CN4206356	147727.36	2026-06-25T23:50:38Z	438338.56
CN4206357	207273.12	2026-06-26T05:14:04Z	615023.52
CN4206362	256003.00	2026-09-10T04:58:32Z	710787.00
CN4206368	189255.00	2026-04-13T04:08:58Z	579975.00
CN4206393	767184.00	2026-08-05T01:57:02Z	4691414.75
CN4206405	504860.00	2026-02-24T22:16:27Z	512432.90
CN4206409	23585.72	2026-04-29T00:31:53Z	46958.34
CN4206409	23585.72	2026-04-29T00:31:53Z	46958.38
CN4206432	13902.78	2026-02-02T21:53:40Z	27805.57
CN4206499	33221.10	2026-05-15T06:08:32Z	109836.10
CN4206505	296008.00	2026-08-28T05:10:13Z	599388.96
CN4206564	16000.00	2025-12-15T23:42:05Z	17213.26
CN4206774	1099450.00	2026-07-20T02:36:12Z	2308845.00
CN4206824	151798.40	2026-06-15T23:38:25Z	303596.81
CN4206950	221179.20	2026-06-15T01:29:15Z	610579.20
CN4206979	198082.50	2026-08-11T01:44:28Z	198082.50
CN4206981	225060.00	2026-07-08T02:53:49Z	601524.00
CN4206999	142919.15	2026-04-06T22:48:29Z	183619.43
CN4207081	447599.46	2026-08-12T04:34:38Z	0.10
CN4207120	54962.80	2026-09-09T01:45:33Z	71132.43
CN4207122	164455.20	2026-06-15T22:19:04Z	328910.40
CN4207123	171600.00	2026-06-09T04:45:57Z	343200.00
CN4207166	326019.98	2026-06-15T23:03:45Z	407080.85
CN4207184	236808.42	2026-05-29T00:59:10Z	672118.02
CN4207426	113414.73	2026-03-05T04:14:28Z	114197.31
CN4207427	88220.00	2026-02-09T05:13:33Z	104192.02
CN4207453	332355.17	2026-06-19T05:15:53Z	0.10
CN4207608	21140.10	2026-07-27T04:45:41Z	45129.00
CN4207725	234986.40	2026-06-29T06:10:40Z	672170.40
CN4207795	20000.00	2026-06-30T00:30:17Z	40384.00
CN4207958	33000.00	2025-12-18T21:31:42Z	66000.00
CN4207980	188812.80	2026-06-17T06:13:39Z	311541.12
CN4208002	429143.09	2026-06-10T00:59:55Z	440444.91
CN4208103	5929953.85	2026-06-26T04:37:45Z	6047854.78
CN4208121	11546.00	2026-01-16T05:18:47Z	12223.00
CN4208140	104000.00	2026-05-12T06:10:15Z	178341.50
CN4208140	104000.00	2026-05-12T06:10:15Z	199000.00
CN4208193	207504.00	2026-05-14T03:48:37Z	606672.00
CN4208382	46475.00	2026-07-07T04:10:53Z	115742.00
CN4208547	241780.00	2026-08-31T01:21:22Z	666380.00
CN4208747	1285570.00	2026-06-04T02:19:58Z	1516570.00
CN4208747	1285570.00	2026-06-04T02:19:58Z	1567170.00
CN4208747	1285570.00	2026-06-04T02:19:58Z	2345970.00
CN4208784	33274.18	2026-07-08T00:30:18Z	66769.18
CN4208796	650624.70	2026-01-07T00:24:48Z	650623.91
CN4208957	869185.07	2026-09-01T07:06:16Z	953542.86
CN4209026	192233.18	2026-04-08T00:44:54Z	252233.18
CN4209028	179951.20	2026-05-07T06:00:58Z	547289.60
CN4209030	215018.76	2026-06-19T03:40:27Z	431785.64
CN4209031	180728.33	2026-06-19T03:40:25Z	362925.99
CN4209156	16088.60	2026-01-21T05:26:54Z	3916.00
CN4209163	93850.68	2026-05-27T22:21:04Z	0.10
CN4209264	241287.92	2026-05-25T03:30:48Z	0.10
CN4209358	35343.25	2026-08-27T01:10:57Z	49147.58
CN4209386	100000.00	2026-07-02T05:58:08Z	233342.00
CN4209388	19167007.62	2026-06-04T02:26:03Z	19182120.90
CN4209404	402292.57	2026-04-10T04:41:09Z	201146.29
CN4209406	171424.00	2026-06-19T05:21:34Z	0.10
CN4209498	18031.46	2026-09-14T02:53:19Z	19534.09
CN4209621	49596.58	2026-06-03T00:13:47Z	82723.25
CN4209939	14033.00	2026-09-15T06:21:45Z	28393.00
CN4209991	1775478.02	2026-03-25T23:55:29Z	1799146.03
CN4210235	152001.78	2026-06-19T05:21:11Z	0.10
CN4210236	2011462.86	2026-05-11T01:50:36Z	1005731.43
CN4210238	87003.57	2026-06-19T05:21:21Z	0.10
CN4210366	251350.00	2026-08-31T02:09:40Z	5305080.00
CN4210366	251350.00	2026-08-31T02:09:40Z	8044080.00
CN4210427	153525.42	2026-07-20T02:53:08Z	541750.62
CN4210434	273350.00	2026-02-17T04:25:33Z	0.10
CN4210510	2071355.00	2026-03-22T22:43:40Z	2104018.99
CN4210510	2071355.00	2026-03-22T22:43:40Z	2119418.99
CN4210512	66000.00	2026-06-19T03:40:47Z	79600.00
CN4210512	66000.00	2026-06-19T03:40:47Z	96140.00
CN4210512	66000.00	2026-06-19T03:40:47Z	132440.00
CN4210512	66000.00	2026-06-19T03:40:47Z	149534.00
CN4210512	66000.00	2026-06-19T03:40:47Z	166859.00
CN4210512	66000.00	2026-06-19T03:40:47Z	185944.00
CN4210512	66000.00	2026-06-19T03:40:47Z	204919.00
CN4210512	66000.00	2026-06-19T03:40:47Z	238854.00
CN4210514	414983.71	2026-09-08T23:37:18Z	829967.42
CN4210516	200244.00	2026-06-25T01:23:51Z	402116.00
CN4210518	461514.56	2026-01-19T03:51:33Z	1.00
CN4210563	1616826.18	2026-07-17T04:19:42Z	1622674.02
CN4210591	208014.88	2026-06-26T05:14:09Z	417415.10
CN4210592	174460.00	2026-06-26T05:14:07Z	350081.88
CN4210688	544679.91	2026-04-09T06:43:04Z	591446.63
CN4210695	389611.20	2026-06-19T01:48:47Z	854268.80
CN4210735	122100.00	2026-03-17T04:36:39Z	200000.00
CN4210907	193086.96	2026-07-15T02:39:17Z	635946.96
CN4210915	120120.00	2026-08-24T07:07:31Z	212900.00
CN4210915	120120.00	2026-08-24T07:07:31Z	240200.00
CN4210916	96000.00	2026-06-16T00:51:31Z	96000.00
CN4210916	96000.00	2026-06-16T00:51:31Z	138000.00
CN4210927	212014.00	2026-04-09T01:04:24Z	427416.16
CN4211105	2513917.54	2026-05-29T02:32:28Z	3562733.45
CN4211269	102910.50	2026-05-21T08:35:59Z	135250.50
CN4211496	202561.92	2026-06-03T03:57:45Z	605997.74
CN4211513	44000.00	2026-07-10T06:30:45Z	99000.00
CN4211516	60000.00	2026-03-13T01:49:41Z	80000.00
CN4211559	87175.00	2026-07-13T00:33:30Z	180782.00
CN4211559	87175.00	2026-07-13T00:33:30Z	272855.00
CN4211603	36036.00	2026-07-07T04:11:29Z	50740.80
CN4211605	54423.60	2026-07-17T06:22:28Z	61550.50
CN4211605	54423.60	2026-07-17T06:22:28Z	67381.60
CN4211810	76178.08	2026-07-02T04:03:11Z	76178.08
CN4211848	66395.21	2026-05-01T03:29:57Z	81795.21
CN4211884	316602.52	2026-05-22T01:41:23Z	656950.22
CN4211895	3211595.31	2026-07-13T00:58:33Z	1660230.33
CN4211895	3211595.31	2026-07-13T00:58:33Z	1660230.33
CN4211900	3072089.32	2026-06-03T00:18:34Z	4623454.30
CN4211973	65604.00	2026-06-26T00:33:35Z	0.10
CN4212121	538765.26	2026-06-19T00:57:20Z	599591.54
CN4212275	2900071.57	2026-03-31T23:07:09Z	3765090.82
CN4212295	26478.09	2026-05-04T03:34:22Z	39396.84
CN4212410	188496.00	2026-05-25T05:17:22Z	565488.00
CN4212412	981904.00	2026-06-30T06:53:45Z	1812624.00
CN4212413	1656284.30	2026-06-26T05:13:56Z	3233774.30
CN4212415	190344.00	2026-06-04T05:16:58Z	571032.00
CN4212459	194480.00	2026-06-24T01:33:38Z	583440.00
CN4212516	352644.87	2026-06-19T05:15:34Z	0.10
CN4212517	170500.00	2026-05-08T05:08:03Z	119350.00
CN4212750	3371225.44	2026-08-11T00:29:59Z	3591225.44
CN4212750	3371225.44	2026-08-11T00:29:59Z	4485525.44
CN4212750	3371225.44	2026-08-11T00:29:59Z	4977697.34
CN4212819	361840.00	2026-08-11T03:26:46Z	1756640.00
CN4212823	59647.10	2026-07-23T02:22:41Z	3690.16
CN4212828	132462.50	2026-09-07T06:06:11Z	264925.00
CN4212828	132462.50	2026-09-07T06:06:11Z	456944.90
CN4212836	807058.21	2026-07-07T01:10:04Z	1181014.21
CN4212866	4609853.60	2026-09-08T05:35:16Z	4609855.80
CN4212947	22267.01	2026-02-26T23:27:45Z	23136.27
CN4212947	22267.01	2026-02-26T23:27:45Z	24825.42
CN4212967	155672.00	2026-07-28T06:39:50Z	451966.40
CN4212975	197762.40	2026-07-22T23:25:35Z	219736.04
CN4212975	197762.40	2026-07-22T23:25:35Z	471416.04
CN4212992	71291.00	2026-06-17T06:42:50Z	97000.00
CN4212992	71291.00	2026-06-17T06:42:50Z	111300.00
CN4213004	583737.00	2026-04-16T06:34:36Z	748393.80
CN4213156	145289.76	2026-03-17T04:30:21Z	153727.04
CN4213200	434654.79	2026-08-31T05:18:05Z	472305.68
CN4213252	229152.00	2026-07-22T01:12:34Z	691152.00
CN4213253	196732.80	2026-07-07T04:12:25Z	601674.48
CN4213254	204652.80	2026-07-07T04:12:31Z	625896.48
CN4213255	194504.64	2026-07-07T04:12:37Z	594862.00
CN4213256	264000.00	2026-07-07T04:12:43Z	807400.00
CN4213258	189615.36	2026-08-10T22:10:59Z	579914.88
CN4213258	189615.36	2026-08-10T22:10:59Z	594914.88
CN4213261	463785.30	2026-07-08T04:06:03Z	493617.30
CN4213261	463785.30	2026-07-08T04:06:03Z	500708.00
CN4213290	36960.00	2026-03-04T03:48:34Z	63877.00
CN4213298	38760.09	2026-02-11T02:59:43Z	63618.89
CN4213300	37486.98	2026-05-11T01:50:48Z	37486.98
CN4213300	37486.98	2026-05-11T01:50:48Z	54424.87
CN4213306	260402.22	2026-03-11T01:06:51Z	754.05
CN4213470	18434.10	2026-08-30T23:09:42Z	55346.18
CN4213776	984532.00	2026-09-04T06:39:18Z	1510492.40
CN4213828	335030.08	2026-07-03T06:44:31Z	1005090.24
CN4213828	335030.08	2026-07-03T06:44:31Z	1415445.33
CN4213872	181844.61	2026-05-29T00:26:27Z	572300.61
CN4213893	172700.00	2026-06-12T05:35:19Z	235609.00
CN4213973	246840.00	2026-06-01T23:53:43Z	323840.00
CN4214024	1053052.00	2026-04-10T05:17:56Z	1322821.50
CN4214225	30081894.70	2026-03-12T06:18:42Z	34246697.00
CN4214225	30081894.70	2026-03-12T06:18:42Z	38795570.25
CN4214225	30081894.70	2026-03-12T06:18:42Z	66743219.10
CN4214225	30081894.70	2026-03-12T06:18:42Z	70791701.59
CN4214244	208163.26	2026-01-20T02:18:59Z	402025.23
CN4214305	486321.00	2026-02-11T03:52:28Z	497475.00
CN4214377	23092.04	2026-05-27T07:26:56Z	40636.02
CN4214377	23092.04	2026-05-27T07:26:56Z	66413.37
CN4214633	9882572.74	2026-08-12T01:22:39Z	10185978.18
CN4214645	158804301.70	2026-07-07T01:16:12Z	162275610.74
CN4214645	158804301.70	2026-07-07T01:16:12Z	162832251.69
CN4214664	687244.22	2026-08-12T02:34:52Z	663267.77
CN4214673	140000.00	2026-02-19T03:06:08Z	154000.00
CN4214821	31000.00	2026-06-23T05:58:50Z	66000.00
CN4214840	367600.21	2026-07-21T06:42:04Z	2127099.71
CN4214856	138504.09	2026-05-18T05:50:45Z	159250.97
CN4214858	421335.20	2026-09-07T06:25:51Z	1081335.20
CN4214888	543150.00	2026-07-10T03:53:57Z	0.02
CN4214916	222720.90	2026-05-29T00:09:47Z	0.10
CN4215041	139013.60	2026-08-05T06:32:50Z	451164.30
CN4215041	139013.60	2026-08-05T06:32:50Z	458382.59
CN4215088	330000.00	2026-06-02T23:59:59Z	464810.50
CN4215156	46321.04	2026-05-11T01:51:04Z	85679.67
CN4215230	232446.28	2026-07-07T04:13:09Z	686313.72
CN4215231	234470.28	2026-07-07T04:13:15Z	692289.72
CN4215232	203159.00	2026-07-07T04:13:21Z	599841.00
CN4215233	234186.92	2026-07-07T04:13:27Z	691453.08
CN4215234	215960.80	2026-07-07T04:13:33Z	637639.20
CN4215237	209645.92	2026-07-07T04:13:45Z	618994.08
CN4215250	192619.70	2026-06-29T04:33:39Z	228547.00
CN4215478	45700.00	2026-08-28T06:26:10Z	78037.00
CN4215613	466777.00	2026-07-20T23:16:41Z	525947.00
CN4215810	3660800.00	2026-08-07T02:04:02Z	3798993.00
CN4216029	1418630.59	2026-06-17T06:42:53Z	1527449.78
CN4216192	136435.20	2026-05-18T05:50:48Z	477523.20
CN4216193	126720.00	2026-05-18T05:50:46Z	443520.00
CN4216214	468820.00	2026-09-13T23:46:01Z	555940.00
CN4216229	422373.01	2026-06-26T05:57:03Z	544071.00
CN4216356	309265.00	2026-03-20T01:33:03Z	618530.00
CN4216448	242261.98	2026-08-11T00:30:00Z	601301.98
CN4216487	74536.00	2026-03-05T23:34:53Z	97828.50
CN4216496	169400.00	2026-07-07T04:14:14Z	549780.00
CN4216497	167164.80	2026-07-07T04:14:20Z	542525.76
CN4216498	183920.00	2026-07-07T04:14:26Z	596904.00
CN4216500	175049.60	2026-07-07T04:14:35Z	568115.52
CN4216503	202835.16	2026-07-07T04:14:48Z	603697.16
CN4216504	189055.68	2026-07-07T04:14:54Z	578189.36
CN4216598	12870.00	2026-03-02T05:49:32Z	2310.00
CN4216612	19408.27	2026-02-19T23:27:03Z	35000.00
CN4216664	1289393.05	2026-09-11T06:28:50Z	1377503.05
CN4216989	228175.59	2026-05-22T08:40:33Z	245948.28
CN4217025	309097.80	2026-05-18T04:07:20Z	338797.80
CN4217025	309097.80	2026-05-18T04:07:20Z	349137.80
CN4217044	72032.40	2026-02-23T05:23:35Z	81531.69
CN4217298	544500.00	2026-04-17T06:00:39Z	673750.00
CN4217342	358248.00	2026-07-15T12:08:37Z	327096.00
CN4217342	358248.00	2026-07-15T12:08:37Z	689408.47
CN4217344	364320.00	2026-07-15T12:10:11Z	332640.00
CN4217344	364320.00	2026-07-15T12:10:11Z	696960.00
CN4217457	7436690.80	2026-07-07T22:48:36Z	2076459.19
CN4217457	7436690.80	2026-07-07T22:48:36Z	11336734.20
CN4217457	7436690.80	2026-07-07T22:48:36Z	11372862.60
CN4217471	621418.60	2026-04-01T04:20:49Z	621419.70
CN4217586	14124.00	2026-02-26T23:27:36Z	14173.50
CN4217616	75459.73	2026-06-03T00:00:32Z	90257.98
CN4217616	75459.73	2026-06-03T00:00:32Z	114910.12
CN4217921	1164564.92	2026-05-25T03:11:15Z	1254500.30
CN4217923	39614.03	2026-05-27T04:47:01Z	61221.68
CN4218065	50000.00	2026-04-09T00:46:23Z	118800.00
CN4218147	236201.31	2026-03-02T05:49:45Z	294380.70
CN4218297	30000.00	2026-03-03T00:25:05Z	11000.00
CN4218314	2916023.75	2026-04-16T01:56:09Z	3068859.62
CN4218314	2916023.75	2026-04-16T01:56:09Z	3251459.62
CN4218415	37696.58	2026-05-21T05:51:33Z	0.10
CN4218418	904297.90	2026-05-27T04:47:08Z	1579264.50
CN4218418	904297.90	2026-05-27T04:47:08Z	1579264.50
CN4218418	904297.90	2026-05-27T04:47:08Z	1947659.58
CN4218431	92323.00	2026-05-26T05:49:38Z	0.10
CN4218440	11314.87	2026-04-08T03:56:58Z	0.10
CN4218444	66566.08	2026-04-08T03:57:58Z	0.10
CN4218709	56310.32	2026-07-17T02:53:26Z	115390.00
CN4218709	56310.32	2026-07-17T02:53:26Z	133852.40
CN4218857	501600.00	2026-06-19T03:40:37Z	872960.00
CN4218857	501600.00	2026-06-19T03:40:37Z	1054592.00
CN4218875	1188385.00	2026-09-11T05:27:00Z	1566232.80
CN4218875	1188385.00	2026-09-11T05:27:00Z	5414032.80
CN4218942	212520.00	2026-07-07T04:15:16Z	757735.00
CN4218984	7639894.90	2026-04-08T03:53:50Z	10389894.90
CN4219002	487808.64	2026-08-31T01:21:33Z	963080.87
CN4219084	19800.00	2026-07-07T01:09:51Z	39600.00
CN4219127	247500.00	2026-08-25T23:39:26Z	605000.00
CN4219194	23560903.44	2026-09-07T00:48:41Z	23560903.44
CN4219362	34827.16	2026-02-17T00:42:24Z	36234.29
CN4219368	396718.08	2026-06-05T04:06:39Z	689758.08
CN4219431	60107.92	2026-06-23T06:22:00Z	84358.91
CN4219462	220000.00	2026-07-08T04:34:27Z	372086.00
CN4219511	498069.00	2026-04-10T04:45:44Z	526614.00
CN4219569	23123772.00	2026-09-11T04:17:52Z	23325178.00
CN4219569	23123772.00	2026-09-11T04:17:52Z	25177606.20
CN4219627	357500.00	2026-05-15T03:58:35Z	956450.00
CN4219637	359040.00	2026-08-13T22:27:42Z	718080.00
CN4219648	223283.52	2026-08-25T02:29:28Z	223283.52
CN4219648	223283.52	2026-08-25T02:29:28Z	580079.52
CN4219649	286923.52	2026-09-01T01:58:26Z	712304.32
CN4219819	12870.00	2026-03-19T23:14:30Z	11700.00
CN4219857	617100.00	2026-06-16T23:50:18Z	990000.00
CN4219857	617100.00	2026-06-16T23:50:18Z	1152800.00
CN4219901	31444.88	2026-07-16T03:05:14Z	50102.17
CN4219908	44823.90	2026-03-02T05:49:54Z	64994.66
CN4219999	36784698.58	2026-08-03T22:49:38Z	46646744.75
CN4220026	147100.33	2026-07-09T03:07:30Z	503690.41
CN4220186	164780.00	2026-02-27T03:17:02Z	134070.00
CN4220191	381384.00	2026-03-05T03:11:14Z	399643.20
CN4220192	23448.84	2026-07-12T22:49:21Z	23448.84
CN4220264	2129655.00	2026-06-15T06:50:46Z	2399155.00
CN4220294	122390.40	2026-05-07T06:01:18Z	379209.60
CN4220528	19602.00	2026-08-06T05:46:18Z	31700.00
CN4220668	254284.80	2026-08-13T22:27:42Z	631276.80
CN4220706	214500.00	2026-05-17T23:55:54Z	238993.70
CN4220738	1583333.33	2026-08-14T03:02:03Z	2683333.33
CN4220742	384936.65	2026-05-08T10:09:43Z	409192.00
CN4220809	66000.00	2026-09-03T05:37:26Z	0.10
CN4221222	199357.46	2026-02-20T05:53:15Z	400359.14
CN4221227	1386696.28	2026-09-14T06:19:27Z	2060519.69
CN4221317	106153.52	2026-08-21T04:32:49Z	285567.92
CN4221387	665899.53	2026-07-20T02:36:35Z	1466259.53
CN4221754	550000.00	2026-07-31T02:33:37Z	1100000.00
CN4222232	242755.71	2026-04-24T00:07:01Z	330324.33
CN4222324	107578.55	2026-03-13T04:56:04Z	129908.93
CN4222410	126162.11	2026-05-12T23:13:27Z	131145.11
CN4222421	2199800.00	2026-07-10T08:02:15Z	2419780.02
CN4222449	51984.00	2026-08-11T14:17:11Z	176745.60
CN4222450	1135560.89	2026-06-19T03:17:34Z	1313218.23
CN4222586	18000.00	2026-05-27T06:55:11Z	36000.00
CN4222694	27731.10	2026-05-22T04:53:26Z	45303.60
CN4222697	1816130.75	2026-07-17T05:57:20Z	1892129.26
CN4222703	502656.00	2026-08-07T05:27:45Z	935475.20
CN4222703	502656.00	2026-08-07T05:27:45Z	1165875.20
CN4222705	209886.60	2026-09-02T07:30:58Z	325568.10
CN4222725	77000.00	2026-09-06T04:56:31Z	74250.00
CN4222899	4136000.00	2026-03-24T05:44:02Z	4600122.51
CN4222899	4136000.00	2026-03-24T05:44:02Z	6240283.95
CN4222899	4136000.00	2026-03-24T05:44:02Z	6514933.45
CN4222954	17304.00	2026-03-11T23:17:31Z	27405.91
CN4223027	272494.84	2026-04-20T02:40:50Z	254051.65
CN4223157	34650.00	2026-06-25T23:10:33Z	72187.50
CN4223159	151800.00	2026-07-06T04:53:12Z	527312.50
CN4223175	863398.00	2026-08-11T08:41:39Z	988247.44
CN4223266	155186.86	2026-07-07T04:15:38Z	542364.30
CN4223427	44657.88	2026-06-05T00:16:46Z	0.11
CN4223643	366084.13	2026-06-05T04:23:44Z	416503.18
CN4223824	2032800.00	2026-09-03T00:55:14Z	1016400.00
CN4223833	900000.00	2026-06-24T23:17:23Z	950000.00
CN4223871	117668.65	2026-05-14T06:43:11Z	142462.65
CN4223888	170877.47	2026-06-11T23:48:44Z	234314.58
CN4223888	170877.47	2026-06-11T23:48:44Z	380149.22
CN4223889	976276.00	2026-07-24T02:49:43Z	1194682.90
CN4223906	123893.35	2026-07-07T04:15:47Z	432999.03
CN4223908	132422.40	2026-07-07T04:15:57Z	462809.60
CN4223909	145490.40	2026-07-07T04:16:04Z	508481.60
CN4223910	155186.86	2026-07-07T04:16:12Z	542364.30
CN4224232	27535826.00	2026-07-29T04:26:34Z	27811706.40
CN4224271	56801.25	2026-03-22T23:46:43Z	0.11
CN4224325	49118.42	2026-05-11T01:51:19Z	59417.60
CN4224437	133760.00	2026-07-07T04:16:24Z	568480.00
CN4224591	1643400.00	2026-07-24T00:56:22Z	330000.00
CN4224626	211077.12	2026-09-01T01:58:27Z	631582.32
CN4224631	208947.20	2026-09-01T01:58:29Z	625209.20
CN4224648	100848.70	2026-06-22T01:50:37Z	161234.74
CN4224648	100848.70	2026-06-22T01:50:37Z	273773.59
CN4224677	300000.00	2026-03-23T03:21:26Z	330000.00
CN4224677	300000.00	2026-03-23T03:21:26Z	451000.00
CN4224784	165462.00	2026-06-24T01:43:29Z	560142.00
CN4224786	198000.00	2026-04-22T23:32:07Z	447480.00
CN4224910	6483125.00	2026-03-24T04:30:03Z	7326495.00
CN4224969	15384.85	2026-06-12T01:02:57Z	0.10
CN4225081	11955.43	2026-05-22T03:49:56Z	15093.06
CN4225092	21149.98	2026-07-08T06:53:23Z	43188.25
CN4225115	25994.37	2026-05-01T02:14:14Z	45574.82
CN4225129	141390.30	2026-06-30T07:43:49Z	579355.39
CN4225304	16196.40	2026-05-01T05:14:28Z	20618.40
CN4225315	341000.00	2026-03-30T04:37:08Z	323320.80
CN4225354	353422.08	2026-05-01T03:20:44Z	712344.16
CN4225366	239250.00	2026-05-14T04:35:01Z	460900.00
CN4225476	29224.40	2026-06-24T05:16:23Z	2172.00
CN4225476	29224.40	2026-06-24T05:16:23Z	31396.40
CN4225790	203667.75	2026-07-30T03:11:02Z	251293.35
CN4225826	19800.00	2026-07-06T05:49:47Z	32496.75
CN4225895	212048.40	2026-03-30T11:58:39Z	1212048.41
CN4226052	24482582.06	2026-05-29T06:20:39Z	25835760.29
CN4226131	14533.20	2026-06-12T01:02:34Z	0.10
CN4226195	122656.74	2026-05-04T03:34:55Z	111506.13
CN4226291	40000.00	2026-04-23T07:25:44Z	40842.20
CN4226340	119623.41	2026-05-06T03:57:47Z	921732.41
CN4226399	315084.00	2026-09-11T05:27:05Z	1976436.00
CN4226581	1625065.00	2026-07-21T05:41:32Z	1254320.00
CN4226626	200297.78	2026-05-11T01:51:24Z	218265.36
CN4226626	200297.78	2026-05-11T01:51:24Z	236079.38
CN4226630	193039.00	2026-05-21T05:57:48Z	0.10
CN4226653	702080.01	2026-07-16T03:05:25Z	2106240.01
CN4226776	127710.00	2026-07-08T02:53:46Z	562870.00
CN4226778	127116.00	2026-07-08T02:53:48Z	560252.00
CN4226879	100936.00	2026-06-17T06:13:52Z	210012.00
CN4227011	31152.00	2026-06-17T05:32:45Z	62427.00
CN4227063	28934.10	2026-08-05T23:38:32Z	28934.11
CN4227089	110034.36	2026-08-13T00:05:21Z	154500.46
CN4227111	953287.50	2026-04-23T22:04:42Z	969787.50
CN4227372	36287.54	2026-08-05T04:03:37Z	41595.54
CN4227372	36287.54	2026-08-05T04:03:37Z	51595.54
CN4227534	138153.40	2026-06-23T03:40:51Z	176000.00
CN4227691	195866.00	2026-05-12T01:24:38Z	176279.40
CN4227789	475282.50	2026-07-14T05:16:22Z	522810.75
CN4227833	150000.00	2026-06-18T05:58:08Z	140274.10
CN4228209	233954.16	2026-06-17T01:06:05Z	395103.41
CN4228324	75372.00	2026-05-12T01:24:54Z	87516.00
CN4228438	436340.30	2026-08-25T02:29:38Z	436340.30
CN4228545	130680.00	2026-07-28T10:24:33Z	130680.24
CN4228545	130680.00	2026-07-28T10:24:33Z	575960.00
CN4228545	130680.00	2026-07-28T10:24:33Z	575960.00
CN4228552	107811.00	2026-07-08T02:53:45Z	475167.00
CN4228805	120287.75	2026-07-01T05:35:07Z	247651.25
CN4228815	572405.00	2026-04-20T04:45:33Z	629645.50
CN4228815	572405.00	2026-04-20T04:45:33Z	648912.55
CN4228872	39846.00	2026-06-30T00:05:39Z	76531.00
CN4228910	9113987.37	2026-06-03T10:57:19Z	9113216.99
CN4228910	9113987.37	2026-06-03T10:57:19Z	9219481.77
CN4229053	194800.00	2026-09-08T01:36:09Z	389600.00
CN4229097	344577.75	2026-04-09T05:24:23Z	1576352.25
CN4229106	370062.00	2026-08-26T00:08:00Z	374530.64
CN4229250	50000.01	2026-06-01T05:20:51Z	62500.01
CN4229250	50000.01	2026-06-01T05:20:51Z	62501.91
CN4229322	45034.28	2026-04-28T05:13:11Z	45043.27
CN4229501	301730.00	2026-08-31T03:32:44Z	613327.00
CN4229524	1212615.60	2026-04-22T05:11:10Z	1290934.36
CN4229525	1466829.33	2026-04-22T05:11:10Z	1572861.30
CN4229527	518151.70	2026-09-04T05:16:48Z	525508.50
CN4229658	87751.40	2026-05-22T00:47:04Z	79774.00
CN4229874	59096.40	2026-08-14T02:23:47Z	87982.40
CN4229874	59096.40	2026-08-14T02:23:47Z	98872.40
CN4229906	6841030.24	2026-09-07T05:16:00Z	8126314.24
CN4229906	6841030.24	2026-09-07T05:16:00Z	8774723.54
CN4229906	6841030.24	2026-09-07T05:16:00Z	9411598.24
CN4229925	951666.66	2026-05-21T02:59:11Z	0.10
CN4230332	301809.20	2026-07-21T22:19:09Z	312190.96
CN4230397	185526.85	2026-08-12T06:38:27Z	204753.97
CN4230415	323109.18	2026-04-24T02:58:51Z	302030.03
CN4230443	128731.29	2026-04-14T03:55:07Z	171165.84
CN4230444	485713.92	2026-05-12T01:25:05Z	458426.61
CN4230736	115700.00	2026-08-18T23:49:15Z	71199.92
CN4230820	3314839.00	2026-08-11T05:31:10Z	1478622.20
CN4230820	3314839.00	2026-08-11T05:31:10Z	4044221.50
CN4230951	1153276.30	2026-04-29T01:56:29Z	1306616.30
CN4231112	815685.75	2026-06-25T23:49:27Z	895071.38
CN4231167	117078.55	2026-07-15T03:28:36Z	500000.00
CN4231168	13329.85	2026-06-25T01:23:53Z	31394.91
CN4231227	407806.26	2026-09-01T07:13:24Z	379221.10
CN4231258	739066.48	2026-08-19T02:24:53Z	506596.88
CN4231279	83091.80	2026-07-09T05:11:47Z	0.10
CN4231441	250000.00	2026-09-01T22:54:08Z	851000.00
CN4231604	2039676.25	2026-07-16T03:18:01Z	5154328.00
CN4231738	49732.45	2026-08-03T23:33:46Z	63648.29
CN4231807	50000.00	2026-09-02T03:42:38Z	135000.00
CN4231817	72000.00	2026-08-10T05:03:49Z	152000.00
CN4231988	13358.38	2026-09-07T23:45:42Z	13358.45
CN4232205	462500.00	2026-08-31T06:50:00Z	999410.00
CN4232263	65340.00	2026-09-06T22:50:09Z	130680.00
CN4232317	149600.00	2026-07-13T00:33:34Z	94600.00
CN4232361	7450683.79	2026-09-07T06:10:12Z	8195752.17
CN4232379	54831.72	2026-05-21T05:48:34Z	0.10
CN4232560	212236.29	2026-06-29T23:36:10Z	233356.29
CN4232599	50000.00	2026-08-27T04:55:31Z	50000.00
CN4232599	50000.00	2026-08-27T04:55:31Z	50160.00
CN4232599	50000.00	2026-08-27T04:55:31Z	50160.00
CN4232602	10260.40	2026-09-06T05:03:51Z	9446.80
CN4232735	530084.65	2026-05-05T03:53:05Z	562589.16
CN4232818	75233.00	2026-05-21T07:01:17Z	224957.42
CN4232838	13781.90	2026-05-27T04:47:46Z	2756.38
CN4233048	487386.90	2026-08-26T05:58:32Z	503808.80
CN4233142	58486.78	2026-05-15T13:44:48Z	75485.18
CN4233334	1042800.00	2026-08-05T06:32:40Z	1278750.00
CN4233336	43329.66	2026-06-24T05:42:34Z	158875.42
CN4233376	29425.00	2026-05-29T03:31:46Z	47507.90
CN4233420	348820.18	2026-09-11T01:17:53Z	358500.00
CN4233530	241152.12	2026-07-19T22:30:16Z	257569.40
CN4233542	130320.00	2026-06-16T04:33:51Z	130320.00
CN4233544	3703797.46	2026-06-26T03:19:44Z	3988310.26
CN4234030	17455366.50	2026-04-28T21:59:54Z	0.10
CN4234034	33569.80	2026-06-25T23:49:03Z	0.10
CN4234036	22000.00	2026-06-16T03:22:17Z	4323.54
CN4234036	22000.00	2026-06-16T03:22:17Z	14411.80
CN4234497	24750.00	2026-06-19T07:10:38Z	45330.25
CN4234885	43631.85	2026-06-16T05:25:37Z	59934.95
CN4235098	735480.00	2026-05-12T23:09:31Z	809028.00
CN4235147	64707.98	2026-04-28T01:24:14Z	76664.98
CN4235355	740385.36	2026-09-09T05:43:18Z	809201.19
CN4235425	27677.43	2026-05-14T05:34:07Z	27677.46
CN4235435	113630.00	2026-09-09T01:41:55Z	221930.00
CN4235599	26400.00	2026-08-18T01:47:09Z	29719.27
CN4235924	576386.57	2026-08-26T07:21:42Z	742371.42
CN4235931	185943.31	2026-07-29T06:00:05Z	169039.37
CN4235946	51969.36	2026-05-13T02:28:50Z	35377.62
CN4235950	76527.44	2026-05-21T06:54:24Z	153054.88
CN4236077	159896.00	2026-07-07T04:17:38Z	659824.00
CN4236196	1313679.40	2026-08-25T02:29:46Z	1880384.20
CN4236216	518292.49	2026-08-05T23:11:03Z	752439.27
CN4236309	96712.69	2026-05-20T05:47:08Z	117241.37
CN4236476	34771.00	2026-07-15T12:12:42Z	303030.08
CN4236547	15774.88	2026-06-17T09:36:11Z	41014.69
CN4236754	107514.00	2026-05-12T01:25:42Z	130887.90
CN4236999	48614.75	2026-09-04T01:40:15Z	88599.75
CN4236999	48614.75	2026-09-04T01:40:15Z	171999.55
CN4237016	111864.56	2026-09-08T05:35:23Z	100507.06
CN4237043	457382.40	2026-05-27T06:25:55Z	443520.00
CN4237072	914930.59	2026-05-12T01:36:12Z	995425.82
CN4237096	120000.00	2026-07-23T02:23:26Z	190000.00
CN4237155	1432728.12	2026-05-04T07:05:19Z	1576000.93
CN4237167	112992.00	2026-09-07T06:26:05Z	309408.00
CN4237248	3089890.00	2026-07-07T01:16:48Z	3190210.00
CN4237259	72842.68	2026-06-12T01:05:05Z	93246.68
CN4237466	167401.00	2026-06-16T04:50:41Z	0.10
CN4237630	14850.00	2026-08-26T01:42:17Z	35083.13
CN4237727	4392770.14	2026-07-24T03:18:34Z	4300569.08
CN4237732	47278678.33	2026-07-31T02:23:05Z	49297782.47
CN4237800	2100000.00	2026-08-31T06:49:59Z	1083423.00
CN4237932	1232833.36	2026-08-11T00:30:02Z	1414333.36
CN4237942	250000.00	2026-07-22T23:23:28Z	259500.00
CN4237990	530475.00	2026-06-24T01:36:11Z	780067.59
CN4238080	34553.29	2026-07-28T03:41:48Z	48994.88
CN4238081	51991.04	2026-05-21T06:54:50Z	107192.83
CN4238185	30388.50	2026-05-12T06:11:52Z	30390.14
CN4238203	1825333.83	2026-06-04T05:38:18Z	0.11
CN4238557	140580.00	2026-06-26T03:03:45Z	260201.70
CN4238789	33358.61	2026-07-08T02:53:43Z	46928.21
CN4238789	33358.61	2026-07-08T02:53:43Z	307012.21
CN4238799	39839.26	2026-07-08T02:53:41Z	78471.26
CN4238799	39839.26	2026-07-08T02:53:41Z	522739.26
CN4238881	7000000.00	2026-07-10T03:15:50Z	6363636.36
CN4238924	10824.61	2026-06-16T03:22:50Z	26240.65
CN4238924	10824.61	2026-06-16T03:22:50Z	53741.57
CN4239072	336975.10	2026-06-04T05:43:56Z	337861.70
CN4239153	93087.50	2026-08-07T01:29:22Z	52393.00
CN4239153	93087.50	2026-08-07T01:29:22Z	96382.00
CN4239154	16296.29	2026-05-29T10:10:09Z	13278.99
CN4239167	84700.00	2026-08-20T04:05:28Z	84700.00
CN4239167	84700.00	2026-08-20T04:05:28Z	84700.00
CN4239631	384560.00	2026-05-12T04:54:47Z	423016.00
CN4239632	568480.00	2026-05-12T04:53:59Z	625328.00
CN4239715	288156.00	2026-06-16T01:49:58Z	770134.20
CN4239909	401250.28	2026-06-10T01:00:22Z	525675.14
CN4240000	168740.00	2026-05-20T03:39:06Z	84370.00
CN4240142	2676960.00	2026-08-10T06:34:10Z	3138960.00
CN4240241	58397.56	2026-05-14T01:49:51Z	153547.56
CN4240403	158914.16	2026-06-22T05:55:35Z	554914.16
CN4240502	11827.74	2026-06-11T02:14:57Z	0.10
CN4240754	7920047.52	2026-07-24T05:12:00Z	12135056.78
CN4240754	7920047.52	2026-07-24T05:12:00Z	12576101.78
CN4241438	65450.00	2026-07-07T05:43:13Z	458150.00
CN4242058	44140.80	2026-07-21T01:32:11Z	503940.80
CN4242154	138600.00	2026-08-05T03:17:19Z	392700.00
CN4242191	155927.20	2026-05-21T06:55:17Z	329846.00
CN4242201	2822170.89	2026-08-05T03:09:11Z	2780809.91
CN4242231	23232.00	2026-06-11T02:14:45Z	0.10
CN4242237	76456.84	2026-08-12T02:34:55Z	152913.67
CN4242574	254599.16	2026-07-03T05:53:48Z	0.10
CN4242584	747411.50	2026-07-09T05:03:05Z	0.10
CN4242849	36032.83	2026-07-21T04:10:54Z	486443.23
CN4242863	104500.00	2026-06-26T03:18:24Z	101200.00
CN4242882	65000.00	2026-07-24T05:39:25Z	95000.00
CN4242923	40984.90	2026-07-06T05:04:24Z	43734.90
CN4242934	2880073.46	2026-09-14T06:20:05Z	3596259.12
CN4242994	4522096.36	2026-05-26T23:01:29Z	0.02
CN4242998	10684620.65	2026-06-02T23:58:53Z	13527385.85
CN4243020	60764.00	2026-07-01T05:35:08Z	137559.99
CN4243045	53281.18	2026-07-06T05:35:02Z	420489.34
CN4243081	11275.00	2026-07-08T06:54:01Z	11495.00
CN4243687	64185.00	2026-06-22T23:23:40Z	73810.00
CN4243687	64185.00	2026-06-22T23:23:40Z	83435.00
CN4243796	22819.50	2026-05-29T02:25:41Z	38252.50
CN4243796	22819.50	2026-05-29T02:25:41Z	75001.30
CN4243796	22819.50	2026-05-29T02:25:41Z	93183.20
CN4243798	285930.70	2026-06-03T00:15:05Z	297253.00
CN4243800	486082.19	2026-06-03T00:15:03Z	505330.10
CN4243801	428896.05	2026-06-03T00:14:52Z	445879.50
CN4243804	55691.58	2026-05-29T02:25:36Z	91837.86
CN4243805	486082.19	2026-06-03T00:14:45Z	505330.10
CN4243825	59995.98	2026-06-16T04:50:17Z	0.10
CN4244612	1793950.99	2026-07-03T02:37:31Z	1815477.99
CN4244612	1793950.99	2026-07-03T02:37:31Z	1881359.74
CN4244661	431750.00	2026-06-09T05:11:41Z	978395.00
CN4244662	56334.00	2026-09-04T05:16:56Z	57000.00
CN4244662	56334.00	2026-09-04T05:16:56Z	112834.00
CN4244689	1364752.40	2026-06-16T03:05:50Z	560764.60
CN4244814	92600.00	2026-08-21T05:23:19Z	103754.00
CN4244882	587202.00	2026-08-27T04:23:01Z	707767.00
CN4244945	339478.16	2026-07-10T07:00:13Z	369428.18
CN4244964	504610.63	2026-07-10T06:57:29Z	521778.00
CN4245198	26033.00	2026-07-29T05:17:38Z	23860.28
CN4245293	329004.53	2026-07-09T05:02:25Z	0.10
CN4245584	9242995.06	2026-07-03T05:54:16Z	0.10
CN4245638	660000.00	2026-08-07T05:13:29Z	870000.00
CN4245726	39294.20	2026-07-17T02:18:00Z	216059.80
CN4245734	380880.00	2026-08-10T02:47:41Z	338580.00
CN4245734	380880.00	2026-08-10T02:47:41Z	998580.00
CN4245736	375573.00	2026-08-24T06:02:27Z	600431.70
CN4245974	66836.00	2026-07-15T03:28:39Z	445471.40
CN4245981	133355.20	2026-06-30T05:39:11Z	144106.60
CN4246183	323620.52	2026-09-11T09:23:06Z	352478.75
CN4246578	65670.00	2026-07-30T01:28:27Z	306460.00
CN4246713	4587750.01	2026-07-29T04:27:05Z	0.03
CN4246789	362578.22	2026-07-22T20:51:06Z	397808.49
CN4246820	623212.95	2026-07-17T01:29:20Z	685534.25
CN4247180	688644.00	2026-08-20T22:51:07Z	720324.00
CN4247258	21054.00	2026-08-24T04:45:33Z	72844.00
CN4247732	63234.62	2026-07-23T02:23:58Z	103020.01
CN4248698	18480.00	2026-06-30T01:35:53Z	3465.00
CN4248724	25315.40	2026-06-25T07:01:35Z	32173.90
CN4249058	289845.00	2026-07-07T21:39:47Z	341396.50
CN4249101	85211.59	2026-06-30T04:40:07Z	0.10
CN4249226	900995.70	2026-07-15T11:42:13Z	1195575.70
CN4249526	807058.21	2026-08-07T05:47:00Z	0.10
CN4249840	65956.00	2026-09-06T22:54:29Z	77561.00
CN4249957	549906.13	2026-07-14T05:16:23Z	604896.74
CN4249958	129360.00	2026-07-31T04:54:47Z	258720.00
CN4250137	32179402.49	2026-08-12T04:33:46Z	0.11
CN4250283	477488.00	2026-07-27T04:39:09Z	851488.00
CN4250416	65128.54	2026-06-24T04:38:47Z	93500.81
CN4250583	5162534.85	2026-09-02T02:12:45Z	5209224.90
CN4251022	93054.23	2026-06-26T07:06:37Z	109169.24
CN4251250	27951.00	2026-07-06T05:35:03Z	398211.00
CN4251411	155682.09	2026-07-17T06:22:31Z	159682.09
CN4252133	2250000.00	2026-06-26T02:06:36Z	2475000.01
CN4252533	113709.45	2026-06-23T00:12:44Z	125080.40
CN4252709	184348.68	2026-08-12T04:34:09Z	0.11
CN4252802	121440.00	2026-07-29T06:00:22Z	110400.40
CN4252813	53010.00	2026-08-07T07:02:52Z	48000.00
CN4253502	35271.50	2026-08-19T01:16:24Z	35271.50
CN4253683	240575.50	2026-07-03T02:36:59Z	313868.50
CN4253972	650152.22	2026-09-09T01:08:23Z	873332.92
CN4254725	442147.20	2026-08-25T05:58:34Z	350873.60
CN4255069	128469.24	2026-08-06T05:46:15Z	128470.24
CN4255351	398428.80	2026-08-25T05:58:37Z	325510.65
CN4255601	2795672.36	2026-08-19T05:07:16Z	2801972.36
CN4255636	8255413.49	2026-09-04T01:40:16Z	9930317.58
CN4257701	21051.14	2026-07-09T04:58:54Z	0.10
CN4258005	86900.00	2026-07-22T07:43:37Z	91080.00
CN4258065	904369.58	2026-07-31T05:57:45Z	994806.54
CN4258119	91217.50	2026-08-06T05:21:57Z	0.10
CN4258451	6413553.30	2026-07-08T02:04:32Z	6611553.30
CN4259422	332455.27	2026-08-10T05:03:52Z	273113.59
CN4259433	28556.23	2026-08-24T01:24:07Z	48568.53
CN4259434	794695.00	2026-09-08T01:39:57Z	809545.00
CN4259927	3325645.27	2026-09-08T03:30:38Z	3556574.43
CN4260041	317458.84	2026-07-15T04:48:41Z	349204.72
CN4260353	5093658.90	2026-07-30T21:46:18Z	14121325.27
CN4260532	147818.03	2026-08-31T05:18:06Z	165909.82
CN4260573	22874.86	2026-08-05T01:12:56Z	25162.35
CN4261069	41270.33	2026-07-15T03:22:55Z	62613.91
CN4261443	499217.40	2026-08-06T05:52:06Z	0.10
CN4262151	360008.00	2026-08-10T22:11:01Z	360008.00
CN4262189	31350000.00	2026-09-08T08:49:34Z	32197728.73
CN4262900	3607807.50	2026-09-01T07:13:47Z	4087297.50
CN4263185	570000.00	2026-07-22T23:58:32Z	6270000.00
CN4263337	28875.00	2026-09-08T01:35:55Z	38500.00
CN4263704	375757.20	2026-07-24T03:17:07Z	197766.95
CN4264220	5371158.10	2026-07-27T05:21:04Z	6226093.82
CN4264270	109576244.03	2026-09-04T00:36:18Z	109643565.79
CN4264459	250000.00	2026-08-10T02:27:50Z	167200.00
CN4264846	13782701.74	2026-08-05T06:32:34Z	14229091.50
CN4265018	11969372.01	2026-09-01T20:54:43Z	84899834.26
CN4265321	154066403.20	2026-09-14T02:53:20Z	156823849.10
CN4265565	337721.52	2026-08-24T04:45:22Z	675443.04
CN4266368	1265212.69	2026-08-19T02:29:23Z	1287468.58
CN4267533	197676.00	2026-08-25T02:29:57Z	197676.00
CN4267614	10539232.18	2026-09-11T06:32:51Z	14299976.11
CN4267699	31350.00	2026-08-10T01:12:36Z	41800.00
CN4267699	31350.00	2026-08-10T01:12:36Z	52250.00
CN4267700	12600.00	2026-08-11T03:01:06Z	13860.00
CN4268136	11000.00	2026-09-02T03:18:53Z	15000.00
CN4269151	11440.00	2026-09-15T04:28:13Z	9790.00
CN4269326	398699.40	2026-08-21T05:30:42Z	398799.50
CN4271172	606242.77	2026-09-02T06:52:23Z	621388.12
CN4272915	123731.82	2026-09-04T00:36:22Z	224935.82
CN4274891	100000.00	2026-09-10T00:36:12Z	83689.00
